,hours,loss(w=0),loss(w=1),loss(w=2),loss(w=3),loss(w=4)
0,1,4.0,1.0,0.0,1.0,4.0
1,2,16.0,4.0,0.0,4.0,16.0
2,3,36.0,9.0,0.0,9.0,36.0
3,,18.666666666666668,4.666666666666667,0.0,4.666666666666667,18.666666666666668
